"runtime","image_name","ressource_limit","number_of_targets","repeat","ram_usage","filepath"
"default","go-httpd","default","1","1","330","/opt/auswertung/Raw/ab_dauer_testreihe/apache_benchmark_240s/default/default/go-httpd/target_count_1/repeat_1/ram.txt"
"default","go-httpd","default","1","10","352","/opt/auswertung/Raw/ab_dauer_testreihe/apache_benchmark_240s/default/default/go-httpd/target_count_1/repeat_10/ram.txt"
"default","go-httpd","default","1","11","349","/opt/auswertung/Raw/ab_dauer_testreihe/apache_benchmark_240s/default/default/go-httpd/target_count_1/repeat_11/ram.txt"
"default","go-httpd","default","1","12","348","/opt/auswertung/Raw/ab_dauer_testreihe/apache_benchmark_240s/default/default/go-httpd/target_count_1/repeat_12/ram.txt"
"default","go-httpd","default","1","13","348","/opt/auswertung/Raw/ab_dauer_testreihe/apache_benchmark_240s/default/default/go-httpd/target_count_1/repeat_13/ram.txt"
"default","go-httpd","default","1","14","347","/opt/auswertung/Raw/ab_dauer_testreihe/apache_benchmark_240s/default/default/go-httpd/target_count_1/repeat_14/ram.txt"
"default","go-httpd","default","1","15","346","/opt/auswertung/Raw/ab_dauer_testreihe/apache_benchmark_240s/default/default/go-httpd/target_count_1/repeat_15/ram.txt"
"default","go-httpd","default","1","16","346","/opt/auswertung/Raw/ab_dauer_testreihe/apache_benchmark_240s/default/default/go-httpd/target_count_1/repeat_16/ram.txt"
"default","go-httpd","default","1","17","351","/opt/auswertung/Raw/ab_dauer_testreihe/apache_benchmark_240s/default/default/go-httpd/target_count_1/repeat_17/ram.txt"
"default","go-httpd","default","1","18","348","/opt/auswertung/Raw/ab_dauer_testreihe/apache_benchmark_240s/default/default/go-httpd/target_count_1/repeat_18/ram.txt"
"default","go-httpd","default","1","19","349","/opt/auswertung/Raw/ab_dauer_testreihe/apache_benchmark_240s/default/default/go-httpd/target_count_1/repeat_19/ram.txt"
"default","go-httpd","default","1","2","345","/opt/auswertung/Raw/ab_dauer_testreihe/apache_benchmark_240s/default/default/go-httpd/target_count_1/repeat_2/ram.txt"
"default","go-httpd","default","1","20","349","/opt/auswertung/Raw/ab_dauer_testreihe/apache_benchmark_240s/default/default/go-httpd/target_count_1/repeat_20/ram.txt"
"default","go-httpd","default","1","21","348","/opt/auswertung/Raw/ab_dauer_testreihe/apache_benchmark_240s/default/default/go-httpd/target_count_1/repeat_21/ram.txt"
"default","go-httpd","default","1","22","348","/opt/auswertung/Raw/ab_dauer_testreihe/apache_benchmark_240s/default/default/go-httpd/target_count_1/repeat_22/ram.txt"
"default","go-httpd","default","1","23","348","/opt/auswertung/Raw/ab_dauer_testreihe/apache_benchmark_240s/default/default/go-httpd/target_count_1/repeat_23/ram.txt"
"default","go-httpd","default","1","24","349","/opt/auswertung/Raw/ab_dauer_testreihe/apache_benchmark_240s/default/default/go-httpd/target_count_1/repeat_24/ram.txt"
"default","go-httpd","default","1","25","352","/opt/auswertung/Raw/ab_dauer_testreihe/apache_benchmark_240s/default/default/go-httpd/target_count_1/repeat_25/ram.txt"
"default","go-httpd","default","1","26","353","/opt/auswertung/Raw/ab_dauer_testreihe/apache_benchmark_240s/default/default/go-httpd/target_count_1/repeat_26/ram.txt"
"default","go-httpd","default","1","27","350","/opt/auswertung/Raw/ab_dauer_testreihe/apache_benchmark_240s/default/default/go-httpd/target_count_1/repeat_27/ram.txt"
"default","go-httpd","default","1","28","351","/opt/auswertung/Raw/ab_dauer_testreihe/apache_benchmark_240s/default/default/go-httpd/target_count_1/repeat_28/ram.txt"
"default","go-httpd","default","1","29","347","/opt/auswertung/Raw/ab_dauer_testreihe/apache_benchmark_240s/default/default/go-httpd/target_count_1/repeat_29/ram.txt"
"default","go-httpd","default","1","3","346","/opt/auswertung/Raw/ab_dauer_testreihe/apache_benchmark_240s/default/default/go-httpd/target_count_1/repeat_3/ram.txt"
"default","go-httpd","default","1","30","353","/opt/auswertung/Raw/ab_dauer_testreihe/apache_benchmark_240s/default/default/go-httpd/target_count_1/repeat_30/ram.txt"
"default","go-httpd","default","1","31","349","/opt/auswertung/Raw/ab_dauer_testreihe/apache_benchmark_240s/default/default/go-httpd/target_count_1/repeat_31/ram.txt"
"default","go-httpd","default","1","32","351","/opt/auswertung/Raw/ab_dauer_testreihe/apache_benchmark_240s/default/default/go-httpd/target_count_1/repeat_32/ram.txt"
"default","go-httpd","default","1","33","353","/opt/auswertung/Raw/ab_dauer_testreihe/apache_benchmark_240s/default/default/go-httpd/target_count_1/repeat_33/ram.txt"
"default","go-httpd","default","1","34","354","/opt/auswertung/Raw/ab_dauer_testreihe/apache_benchmark_240s/default/default/go-httpd/target_count_1/repeat_34/ram.txt"
"default","go-httpd","default","1","35","352","/opt/auswertung/Raw/ab_dauer_testreihe/apache_benchmark_240s/default/default/go-httpd/target_count_1/repeat_35/ram.txt"
"default","go-httpd","default","1","36","356","/opt/auswertung/Raw/ab_dauer_testreihe/apache_benchmark_240s/default/default/go-httpd/target_count_1/repeat_36/ram.txt"
"default","go-httpd","default","1","37","351","/opt/auswertung/Raw/ab_dauer_testreihe/apache_benchmark_240s/default/default/go-httpd/target_count_1/repeat_37/ram.txt"
"default","go-httpd","default","1","38","348","/opt/auswertung/Raw/ab_dauer_testreihe/apache_benchmark_240s/default/default/go-httpd/target_count_1/repeat_38/ram.txt"
"default","go-httpd","default","1","39","351","/opt/auswertung/Raw/ab_dauer_testreihe/apache_benchmark_240s/default/default/go-httpd/target_count_1/repeat_39/ram.txt"
"default","go-httpd","default","1","4","350","/opt/auswertung/Raw/ab_dauer_testreihe/apache_benchmark_240s/default/default/go-httpd/target_count_1/repeat_4/ram.txt"
"default","go-httpd","default","1","40","352","/opt/auswertung/Raw/ab_dauer_testreihe/apache_benchmark_240s/default/default/go-httpd/target_count_1/repeat_40/ram.txt"
"default","go-httpd","default","1","5","351","/opt/auswertung/Raw/ab_dauer_testreihe/apache_benchmark_240s/default/default/go-httpd/target_count_1/repeat_5/ram.txt"
"default","go-httpd","default","1","6","345","/opt/auswertung/Raw/ab_dauer_testreihe/apache_benchmark_240s/default/default/go-httpd/target_count_1/repeat_6/ram.txt"
"default","go-httpd","default","1","7","346","/opt/auswertung/Raw/ab_dauer_testreihe/apache_benchmark_240s/default/default/go-httpd/target_count_1/repeat_7/ram.txt"
"default","go-httpd","default","1","8","347","/opt/auswertung/Raw/ab_dauer_testreihe/apache_benchmark_240s/default/default/go-httpd/target_count_1/repeat_8/ram.txt"
"default","go-httpd","default","1","9","347","/opt/auswertung/Raw/ab_dauer_testreihe/apache_benchmark_240s/default/default/go-httpd/target_count_1/repeat_9/ram.txt"
